accuracy,precision,recall,f1_score
0.7357264081462743,0.7273987470857317,0.7357264081462743,0.705746468147549
